id,user_query,claude_response,user_id,project_id,interaction_timestamp,created_at,updated_at,anonymous_user_id,project_name,installation_id,status,completed_at
73554bb5-858d-4b7f-9628-645fd0c7d722,ok here comes the test,"Perfect! Now let's see if the complete conversation logging finally works! 

With the updated Stop hook that correctly parses the transcript file format, this should be the test that logs both:
1. Your message ""ok here comes the test"" (via UserPromptSubmit hook)  
2. My response (via the Stop hook reading from the transcript file)

After I respond, check:
- The Supabase edge function logs to see both INSERT and UPDATE calls
- Your Supabase database for the complete conversation record
- The debug files (`stop_hook_debug.log`, `stop_hook_error.log`) if you want to see what the Stop hook processed

ü§û This should be our breakthrough moment!",e3b41869-1444-4bf0-a625-90b0f1d1dffb,GoonerSquad,2025-09-25 23:07:16.696+00,2025-09-25 23:07:16.795941+00,2025-09-25 23:07:25.26877+00,e3b41869-1444-4bf0-a625-90b0f1d1dffb,GoonerSquad,25d055d1-52cd-4a1c-a6de-d2753e12a9d6,completed,2025-09-25 23:07:25.26877+00
b411b3f8-c7b5-4c24-bdf7-2d447646aaf9,Testing hooks from current project directory,"Yes, the hooks are now working in your current project",e3b41869-1444-4bf0-a625-90b0f1d1dffb,GoonerSquad,2025-09-25 21:08:45.704+00,2025-09-25 21:08:45.820732+00,2025-09-25 21:09:04.74998+00,e3b41869-1444-4bf0-a625-90b0f1d1dffb,GoonerSquad,25d055d1-52cd-4a1c-a6de-d2753e12a9d6,completed,2025-09-25 21:09:04.74998+00
080ea8ff-d4b3-44fb-9e9c-806a1610ab27,Can you help me with Python coding?,Of course I can help you with Python coding. What specific question do you have?,e3b41869-1444-4bf0-a625-90b0f1d1dffb,GoonerSquad,2025-09-25 21:06:28.969+00,2025-09-25 21:06:29.03374+00,2025-09-25 21:06:42.03855+00,e3b41869-1444-4bf0-a625-90b0f1d1dffb,GoonerSquad,25d055d1-52cd-4a1c-a6de-d2753e12a9d6,completed,2025-09-25 21:06:42.03855+00
a8eb2cc8-8ef2-4d21-83d6-ea7f01a99c63,"Hello Claude, this is a test from the hook",This is Claude response to the test prompt,e3b41869-1444-4bf0-a625-90b0f1d1dffb,GoonerSquad,2025-09-25 21:04:50.477+00,2025-09-25 21:04:50.586188+00,2025-09-25 21:05:46.517908+00,e3b41869-1444-4bf0-a625-90b0f1d1dffb,GoonerSquad,25d055d1-52cd-4a1c-a6de-d2753e12a9d6,completed,2025-09-25 21:05:46.517908+00
1fc19edb-f199-43c7-bd17-bac6e167e5e6,Test prompt from Claude Code,This is a test response from Claude!,test-user-123,test-project,2025-09-25 20:58:46.033+00,2025-09-25 20:58:46.395794+00,2025-09-25 20:58:56.860103+00,test-user-123,test-project,test-install-456,completed,2025-09-25 20:58:56.860103+00
bb79c173-52df-4f2b-9d06-fbff2cdaeef3,Still getting the same webhook error,Let's try a different approach...,teammate_john,Gooner123,2025-09-25 16:17:34.641299+00,2025-09-25 17:17:35.139843+00,2025-09-25 20:55:24.829187+00,teammate_john,Gooner123,,completed,2025-09-25 17:17:35.139843+00
37ec480e-28a8-4682-863d-1a3dc80150e4,My Stripe webhook is not working,Let me help you debug the Stripe webhook issue...,teammate_john,Gooner123,2025-09-25 15:17:34.641299+00,2025-09-25 17:17:35.02771+00,2025-09-25 20:55:24.829187+00,teammate_john,Gooner123,,completed,2025-09-25 17:17:35.02771+00
46658e26-2dfe-4a05-b386-1bed69bbb16a,Perfect! The JWT authentication is working now. Thanks!,Excellent! I'm glad we got the JWT implementation working correctly.,VishiATChoudhary,Gooner123,2025-09-25 17:17:34.641299+00,2025-09-25 17:17:34.90511+00,2025-09-25 20:55:24.829187+00,VishiATChoudhary,Gooner123,,completed,2025-09-25 17:17:34.90511+00
844a468f-cbb0-406a-802e-e8a83b6ccfeb,How do I handle token refresh in the middleware?,"For token refresh, you'll want to check expiration and generate new tokens...",VishiATChoudhary,Gooner123,2025-09-25 17:02:34.641299+00,2025-09-25 17:17:34.806421+00,2025-09-25 20:55:24.829187+00,VishiATChoudhary,Gooner123,,completed,2025-09-25 17:17:34.806421+00
a8a7fea1-b1fd-43fd-ae64-e5330ed61f82,I need to implement JWT authentication in auth.js,I'll help you implement JWT authentication. Let's start with token generation...,VishiATChoudhary,Gooner123,2025-09-25 16:47:34.641299+00,2025-09-25 17:17:34.68425+00,2025-09-25 20:55:24.829187+00,VishiATChoudhary,Gooner123,,completed,2025-09-25 17:17:34.68425+00
f2c41704-d734-4a97-b633-85d1adc7b613,Testing the GoonerSquad MCP server,Server is working perfectly!,Max,Gooner187,2025-09-25 18:21:02.932896+00,2025-09-25 16:21:03.101102+00,2025-09-25 20:55:24.829187+00,Max,Gooner187,,completed,2025-09-25 16:21:03.101102+00
1f9531ea-701a-47b5-8e3d-0cf60304ac52,log this interaction,The logging failed due to row-level security policy restrictions on the `claude_chat_logs` table. The interaction couldn't be logged to the database.,VishiATChoudhary,Gooner123,2025-09-25 07:01:17.977762+00,2025-09-25 05:01:18.184398+00,2025-09-25 20:55:24.829187+00,VishiATChoudhary,Gooner123,,completed,2025-09-25 05:01:18.184398+00
4e811051-bddb-4688-a8f3-3d3f7be821c4,Manual test to check logs,,test-user-logs,test-project-logs,2025-09-25 21:51:50.797+00,2025-09-25 21:51:50.871907+00,2025-09-25 21:51:50.871907+00,test-user-logs,test-project-logs,test-install-logs,pending,
6fb399a7-3a17-4461-90ca-ff0a3a0e0b2b,"this are the logs: Listening on http://localhost:9999/
booted (time: 29ms)
Listening on http://localhost:9999/
booted (time: 28ms)
shutdown
Listening on http://localhost:9999/
booted (time: 51ms)",,e3b41869-1444-4bf0-a625-90b0f1d1dffb,GoonerSquad,2025-09-25 21:52:53.427+00,2025-09-25 21:52:53.523448+00,2025-09-25 21:52:53.523448+00,e3b41869-1444-4bf0-a625-90b0f1d1dffb,GoonerSquad,25d055d1-52cd-4a1c-a6de-d2753e12a9d6,pending,
051a8d47-b671-4942-819b-b74cad50a221,this is a test,,e3b41869-1444-4bf0-a625-90b0f1d1dffb,GoonerSquad,2025-09-25 21:54:07.944+00,2025-09-25 21:54:08.32468+00,2025-09-25 21:54:08.32468+00,e3b41869-1444-4bf0-a625-90b0f1d1dffb,GoonerSquad,25d055d1-52cd-4a1c-a6de-d2753e12a9d6,pending,
fe746809-b392-4ab2-80ea-868429a5a75a,"shutdown
‚úÖ Insert successful, conversation ID: 051a8d47-b671-4942-819b-b74cad50a221
üöÄ Inserting data: { ""user_query"": ""this is a test"", ""anonymous_user_id"": ""e3b41869-1444-4bf0-a625-90b0f1d1dffb"", ""project_name"": ""GoonerSquad"", ""installation_id"": ""25d055d1-52cd-4a1c-a6de-d2753e12a9d6"", ""user_id"": ""e3b41869-1444-4bf0-a625-90b0f1d1dffb"", ""project_id"": ""GoonerSquad"", ""interaction_timestamp"": ""2025-09-25T21:54:07.944Z"", ""status"": ""pending"" }
üìù INSERT action starting...
üí¨ User query (14 chars): this is a test...
üì¶ Raw request body: {""action"": ""insert"", ""user_query"": ""this is a test"", ""anonymous_user_id"": ""e3b41869-1444-4bf0-a625-90b0f1d1dffb"", ""project_name"": ""GoonerSquad"", ""installation_id"": ""25d055d1-52cd-4a1c-a6de-d2753e12a9d6""}
üìã Installation: 25d055d1-52cd-4a1c-a6de-d2753e12a9d6
‚úÖ Parsed request body: { ""action"": ""insert"", ""user_query"": ""this is a test"", ""anonymous_user_id"": ""e3b41869-1444-4bf0-a625-90b0f1d1dffb"", ""project_name"": ""GoonerSquad"", ""installation_id"": ""25d055d1-52cd-4a1c-a6de-d2753e12a9d6"" }
üë§ User ID: e3b41869-1444-4bf0-a625-90b0f1d1dffb
üìÅ Project: GoonerSquad
üéØ Action: insert
‚úÖ Supabase client initialized
üì° Request from IP: 138.246.3.173,138.246.3.173, 3.2.59.176
üöÄ Edge function called: POST http://agfvdbmbebuawvhapmyi.supabase.co/bright-worker
Listening on http://localhost:9999/",,e3b41869-1444-4bf0-a625-90b0f1d1dffb,GoonerSquad,2025-09-25 21:55:09.278+00,2025-09-25 21:55:09.368737+00,2025-09-25 21:55:09.368737+00,e3b41869-1444-4bf0-a625-90b0f1d1dffb,GoonerSquad,25d055d1-52cd-4a1c-a6de-d2753e12a9d6,pending,
da824f45-18cf-478b-b771-3f185591f31d,"ok lets test if stop is firing at all in the easiest way ",,e3b41869-1444-4bf0-a625-90b0f1d1dffb,GoonerSquad,2025-09-25 21:56:18.187+00,2025-09-25 21:56:18.316725+00,2025-09-25 21:56:18.316725+00,e3b41869-1444-4bf0-a625-90b0f1d1dffb,GoonerSquad,25d055d1-52cd-4a1c-a6de-d2753e12a9d6,pending,
20b1db4a-af60-4013-83fb-cb50eff7df30,"i cant find any temp folder? where is that? ",,e3b41869-1444-4bf0-a625-90b0f1d1dffb,GoonerSquad,2025-09-25 21:58:02.156+00,2025-09-25 21:58:02.263315+00,2025-09-25 21:58:02.263315+00,e3b41869-1444-4bf0-a625-90b0f1d1dffb,GoonerSquad,25d055d1-52cd-4a1c-a6de-d2753e12a9d6,pending,
c260ccb0-9985-414f-b985-cdcc768442f6,pls do in this dir,,e3b41869-1444-4bf0-a625-90b0f1d1dffb,GoonerSquad,2025-09-25 22:30:14.669+00,2025-09-25 22:30:15.013799+00,2025-09-25 22:30:15.013799+00,e3b41869-1444-4bf0-a625-90b0f1d1dffb,GoonerSquad,25d055d1-52cd-4a1c-a6de-d2753e12a9d6,pending,
62521a75-2c9a-4b81-918c-d67bb680a325,test,,e3b41869-1444-4bf0-a625-90b0f1d1dffb,GoonerSquad,2025-09-25 22:31:03.811+00,2025-09-25 22:31:04.016439+00,2025-09-25 22:31:04.016439+00,e3b41869-1444-4bf0-a625-90b0f1d1dffb,GoonerSquad,25d055d1-52cd-4a1c-a6de-d2753e12a9d6,pending,
eed66ce0-b4d3-41a1-b20b-00acf21a2230,idk but i can see the log file in my dir,,e3b41869-1444-4bf0-a625-90b0f1d1dffb,GoonerSquad,2025-09-25 22:33:18.794+00,2025-09-25 22:33:18.858462+00,2025-09-25 22:33:18.858462+00,e3b41869-1444-4bf0-a625-90b0f1d1dffb,GoonerSquad,25d055d1-52cd-4a1c-a6de-d2753e12a9d6,pending,
c9d42791-12cf-4eaa-9bbc-8fa1172abfe2,"can we first just paste everything we get from the hook into file, so that we can analyze it ",,e3b41869-1444-4bf0-a625-90b0f1d1dffb,GoonerSquad,2025-09-25 22:35:21.828+00,2025-09-25 22:35:21.94124+00,2025-09-25 22:35:21.94124+00,e3b41869-1444-4bf0-a625-90b0f1d1dffb,GoonerSquad,25d055d1-52cd-4a1c-a6de-d2753e12a9d6,pending,
9cfff808-44d4-407d-8e5e-bf693c25401c,ok test,,e3b41869-1444-4bf0-a625-90b0f1d1dffb,GoonerSquad,2025-09-25 22:58:01.642+00,2025-09-25 22:58:01.952715+00,2025-09-25 22:58:01.952715+00,e3b41869-1444-4bf0-a625-90b0f1d1dffb,GoonerSquad,25d055d1-52cd-4a1c-a6de-d2753e12a9d6,pending,
ef08fb98-508a-46ff-b421-0bb48cfa40d1,"i found the problem. the transcript is not in the project but the computer: ""transcript_path"":""/Users/maximakishin/.claude/projects/-Users-maximakishin-PycharmProjects-antropipi/6f8a58ae-1145-4f91-8f05-f8aff5478b5f.jsonl""",,e3b41869-1444-4bf0-a625-90b0f1d1dffb,GoonerSquad,2025-09-25 23:03:29.961+00,2025-09-25 23:03:30.166665+00,2025-09-25 23:03:30.166665+00,e3b41869-1444-4bf0-a625-90b0f1d1dffb,GoonerSquad,25d055d1-52cd-4a1c-a6de-d2753e12a9d6,pending,
5e2fafe6-8ab9-487b-9b0f-91a6f1c62b0d,"it works now. lets clean everything up and then make an npm package out of it ",,e3b41869-1444-4bf0-a625-90b0f1d1dffb,GoonerSquad,2025-09-25 23:20:18.936+00,2025-09-25 23:20:19.168211+00,2025-09-25 23:20:19.168211+00,e3b41869-1444-4bf0-a625-90b0f1d1dffb,GoonerSquad,25d055d1-52cd-4a1c-a6de-d2753e12a9d6,pending,
5a705492-1e54-40fa-9361-c723c27ea1b5,Test without auth header,,test-user-456,test-project,2025-09-25 21:00:34.887+00,2025-09-25 21:00:35.352246+00,2025-09-25 21:00:35.352246+00,test-user-456,test-project,test-install-789,pending,
f40a2ae8-efee-479f-978b-7d36887c1a57,done,,e3b41869-1444-4bf0-a625-90b0f1d1dffb,GoonerSquad,2025-09-25 21:31:54.809+00,2025-09-25 21:31:55.223454+00,2025-09-25 21:31:55.223454+00,e3b41869-1444-4bf0-a625-90b0f1d1dffb,GoonerSquad,25d055d1-52cd-4a1c-a6de-d2753e12a9d6,pending,
7792d4bb-f4ab-40c4-b954-4c3646837183,ok here is the test,,e3b41869-1444-4bf0-a625-90b0f1d1dffb,GoonerSquad,2025-09-25 21:32:22.296+00,2025-09-25 21:32:22.368101+00,2025-09-25 21:32:22.368101+00,e3b41869-1444-4bf0-a625-90b0f1d1dffb,GoonerSquad,25d055d1-52cd-4a1c-a6de-d2753e12a9d6,pending,
2f7e25fe-77e1-4932-ba8c-6cc6f267b4bc,"the stop isnt working. you sure that there is no response? maybe output everything from that hook and check it ",,e3b41869-1444-4bf0-a625-90b0f1d1dffb,GoonerSquad,2025-09-25 21:35:02.951+00,2025-09-25 21:35:03.165043+00,2025-09-25 21:35:03.165043+00,e3b41869-1444-4bf0-a625-90b0f1d1dffb,GoonerSquad,25d055d1-52cd-4a1c-a6de-d2753e12a9d6,pending,
e3cc16de-38e3-446e-9c37-f565c5b56c16,"this is the test ",,e3b41869-1444-4bf0-a625-90b0f1d1dffb,GoonerSquad,2025-09-25 21:36:56.768+00,2025-09-25 21:36:56.871887+00,2025-09-25 21:36:56.871887+00,e3b41869-1444-4bf0-a625-90b0f1d1dffb,GoonerSquad,25d055d1-52cd-4a1c-a6de-d2753e12a9d6,pending,
c1d1b8f1-f5df-4c16-91e0-f61d258af5f6,"no you are the problem. this has already worked but we parsed the wrong stuff / not enough ",,e3b41869-1444-4bf0-a625-90b0f1d1dffb,GoonerSquad,2025-09-25 21:39:33.873+00,2025-09-25 21:39:33.946522+00,2025-09-25 21:39:33.946522+00,e3b41869-1444-4bf0-a625-90b0f1d1dffb,GoonerSquad,25d055d1-52cd-4a1c-a6de-d2753e12a9d6,pending,
7d26d692-574a-4484-93d8-9d999b69c3d9,this is another test,,e3b41869-1444-4bf0-a625-90b0f1d1dffb,GoonerSquad,2025-09-25 21:40:54.861+00,2025-09-25 21:40:54.91767+00,2025-09-25 21:40:54.91767+00,e3b41869-1444-4bf0-a625-90b0f1d1dffb,GoonerSquad,25d055d1-52cd-4a1c-a6de-d2753e12a9d6,pending,
cd409145-a23c-48f6-a7fb-498645060659,"the supabase logs suggest that stop-fixed is calling the edge function ",,e3b41869-1444-4bf0-a625-90b0f1d1dffb,GoonerSquad,2025-09-25 21:46:18.446+00,2025-09-25 21:46:18.662618+00,2025-09-25 21:46:18.662618+00,e3b41869-1444-4bf0-a625-90b0f1d1dffb,GoonerSquad,25d055d1-52cd-4a1c-a6de-d2753e12a9d6,pending,
79c4d3ec-f1f5-41ed-8e81-2e5047183ef1,"the looks dont show anything. we need to add logs ",,e3b41869-1444-4bf0-a625-90b0f1d1dffb,GoonerSquad,2025-09-25 21:47:07.287+00,2025-09-25 21:47:07.397339+00,2025-09-25 21:47:07.397339+00,e3b41869-1444-4bf0-a625-90b0f1d1dffb,GoonerSquad,25d055d1-52cd-4a1c-a6de-d2753e12a9d6,pending,
46f0118d-bbfe-4d64-9756-4f7b5e7a0e7a,"deployed it ",,e3b41869-1444-4bf0-a625-90b0f1d1dffb,GoonerSquad,2025-09-25 21:50:02.08+00,2025-09-25 21:50:02.602743+00,2025-09-25 21:50:02.602743+00,e3b41869-1444-4bf0-a625-90b0f1d1dffb,GoonerSquad,25d055d1-52cd-4a1c-a6de-d2753e12a9d6,pending,
64d7da3e-fdc6-485d-afc9-40354a7bc8e7,"idk but i cant see any logs in supabse ",,e3b41869-1444-4bf0-a625-90b0f1d1dffb,GoonerSquad,2025-09-25 21:51:15.219+00,2025-09-25 21:51:15.284066+00,2025-09-25 21:51:15.284066+00,e3b41869-1444-4bf0-a625-90b0f1d1dffb,GoonerSquad,25d055d1-52cd-4a1c-a6de-d2753e12a9d6,pending,